{
  "Entities": [
    {
      "collisionsWillMove": 1,
      "created": "2016-04-04T20:25:54Z",
      "dimensions": {
        "x": 1.1108729839324951,
        "y": 0.814405620098114,
        "z": 0.9164183735847473
      },
      "dynamic": 1,
      "gravity": {
        "x": 0,
        "y": -10,
        "z": 0
      },
      "modelURL": "http://students.washington.edu/jtdong/highfidelity/fbx/couch.fbx",
      "queryAACube": {
        "scale": 1.654423713684082,
        "x": -0.827211856842041,
        "y": -0.827211856842041,
        "z": -0.827211856842041
      },
      "rotation": {
        "w": 0.9847409725189209,
        "x": -0.0001068115234375,
        "y": 0.17393755912780762,
        "z": -4.57763671875e-05
      },
      "shapeType": "box",
      "type": "Model",
      "userData": "{}"
    }
  ],
  "Version": 57
}
